<?xml version="1.0" encoding="UTF-8"?>

<mule xmlns:java="http://www.mulesoft.org/schema/mule/java" xmlns:http="http://www.mulesoft.org/schema/mule/http"
	xmlns="http://www.mulesoft.org/schema/mule/core"
	xmlns:doc="http://www.mulesoft.org/schema/mule/documentation" xmlns:xsi="http://www.w3.org/2001/XMLSchema-instance" xsi:schemaLocation="http://www.mulesoft.org/schema/mule/core http://www.mulesoft.org/schema/mule/core/current/mule.xsd
http://www.mulesoft.org/schema/mule/http http://www.mulesoft.org/schema/mule/http/current/mule-http.xsd
http://www.mulesoft.org/schema/mule/java http://www.mulesoft.org/schema/mule/java/current/mule-java.xsd">
	<flow name="02-using-javamoduleFlow" doc:id="f538ffb0-eda1-4195-a48b-10c88e58e7fd" >
		<http:listener doc:name="Listener" doc:id="e51c9fea-3963-4dba-a538-7493129aa9b1" config-ref="HTTP_Listener_config" path="/sayhello"/>
		<java:invoke-static doc:name="Invoke static" doc:id="8f2d84d8-a1d3-4e07-ae8a-f9371e863837" class="com.way2learnonline.StockQuoteService" method="sayHello(java.lang.String,java.lang.String)">
			<java:args ><![CDATA[#[%dw 2.0
output application/java
---
{
	name: attributes.queryParams.name as String,
	city: attributes.queryParams.city as String
}]]]></java:args>
		</java:invoke-static>
	</flow>
	<flow name="02-using-javamoduleFlow1" doc:id="ad799f6d-8b83-4424-88c9-1fae88c45dc9" >
		<http:listener doc:name="Listener" doc:id="91faf7e0-bc4d-4a31-b767-53fbe3db95ad" config-ref="HTTP_Listener_config" path="/getprice"/>
		<java:new constructor="StockQuoteService()" doc:name="New" doc:id="33922ec9-881c-4570-a572-65c19587edcf" class="com.way2learnonline.StockQuoteService" target="sqs"/>
		<java:invoke doc:name="Invoke" doc:id="4077ecd2-3bf7-4016-8979-315b69f37838" class="com.way2learnonline.StockQuoteService" instance="#[vars.sqs]" method="getStockPrice(java.lang.String)">
			<java:args ><![CDATA[#[%dw 2.0
output application/java
---
{
	stockSymbol: attributes.queryParams.stock as String
}]]]></java:args>
		</java:invoke>
	</flow>
</mule>
