<?xml version="1.0" encoding="UTF-8"?>

<mule xmlns:http="http://www.mulesoft.org/schema/mule/http" xmlns="http://www.mulesoft.org/schema/mule/core"
	xmlns:doc="http://www.mulesoft.org/schema/mule/documentation"
	xmlns:xsi="http://www.w3.org/2001/XMLSchema-instance" xsi:schemaLocation="http://www.mulesoft.org/schema/mule/core http://www.mulesoft.org/schema/mule/core/current/mule.xsd
http://www.mulesoft.org/schema/mule/http http://www.mulesoft.org/schema/mule/http/current/mule-http.xsd">
	<http:listener-config name="HTTP_Listener_config" doc:name="HTTP Listener config" doc:id="dbb388ac-b735-40d9-ad43-21412d76be92" >
		<http:listener-connection host="0.0.0.0" port="8081" />
	</http:listener-config>
	<flow name="basicsFlow" doc:id="bffd04bd-6651-48ae-97f6-9366deac9ac1" >
		<http:listener doc:name="Listener" doc:id="8f103aed-d300-4095-af70-a376e240f2a3" config-ref="HTTP_Listener_config" path="/hello/{city}"/>
		<set-variable value="#[attributes.uriParams.city as String]" doc:name="Set Variable" doc:id="37fc70f5-929f-4f3b-9711-a6e5ce6d460f" variableName="city"/>
		<set-payload value="#['Hello ' ++ attributes.queryParams.name as String ++ 'City: '++ attributes.uriParams.city as String]" doc:name="Set Payload" doc:id="dfdfa2a0-871d-401d-8a0e-4d739aaf1c08" mimeType="text/plain"/>
		<logger level="INFO" doc:name="Logger" doc:id="32067146-a2cc-4b79-ac59-44d0ac84b7a8" message="#[vars.city]"/>
	</flow>
</mule>
