<?xml version='1.0' encoding='UTF-8'?>
<types:mule xmlns:types="http://www.mulesoft.org/schema/mule/types">
  <types:catalog>
    <types:type name="salescsv" format="csv">
      <types:shape format="weave"><![CDATA[%dw 2.0

type salescsv = Array<{|  product_id: String,   product_name: String,   price: String|}>

]]></types:shape>
      <types:properties>
        <types:property name="headerLineNumber" value="0"/>
        <types:property name="header" value="true"/>
        <types:property name="isQuotedString" value="false"/>
      </types:properties>
    </types:type>
  </types:catalog>
  <types:enrichment select="#ee29c795-e5cb-49f6-b7ea-9c9943094871">
    <types:processor-declaration>
      <types:output-event>
        <types:message>
          <types:payload type="salescsv"/>
        </types:message>
      </types:output-event>
    </types:processor-declaration>
  </types:enrichment>
</types:mule>