<?xml version="1.0" encoding="UTF-8"?>

<mule xmlns:http="http://www.mulesoft.org/schema/mule/http" xmlns="http://www.mulesoft.org/schema/mule/core"
	xmlns:doc="http://www.mulesoft.org/schema/mule/documentation"
	xmlns:xsi="http://www.w3.org/2001/XMLSchema-instance" xsi:schemaLocation="http://www.mulesoft.org/schema/mule/core http://www.mulesoft.org/schema/mule/core/current/mule.xsd
http://www.mulesoft.org/schema/mule/http http://www.mulesoft.org/schema/mule/http/current/mule-http.xsd">
	<http:listener-config name="HTTP_Listener_config" doc:name="HTTP Listener config" doc:id="fac881c6-e5b0-4720-8565-f56d77c8b4eb" >
		<http:listener-connection host="0.0.0.0" port="8081" />
	</http:listener-config>
	<http:request-config name="HTTP_Request_configuration" doc:name="HTTP Request configuration" doc:id="9474d1da-6007-40bd-9ada-b1b1d463a37f" basePath="/rest">
		<http:request-connection host="localhost" port="7070" />
	</http:request-config>
	<flow name="consumerestFlow" doc:id="75cd905b-409f-475e-8d1b-5aac7c061bc6" >
		<http:listener doc:name="Listener" doc:id="e56e32ac-d559-4045-a477-131c83216fdf" config-ref="HTTP_Listener_config" path="/products"/>
		<choice doc:name="Choice" doc:id="536b2f61-b6ae-4005-a860-ac7b634502dc" >
			<when expression="#[attributes.queryParams.productname == null]">
				<flow-ref doc:name="getallproducts" doc:id="1eb8a596-d1ef-46fd-952d-ac510f5d0395" name="getallproducts"/>
			</when>
			<when expression="#[attributes.queryParams.productname != null]">
				<set-variable value="#[attributes.queryParams.productname]" doc:name="Set Variable" doc:id="21566400-072f-497c-849d-0a55dc4b3213" variableName="pname"/>
				<flow-ref doc:name="getproductsbyname" doc:id="3b9063fb-4ba3-4bea-a4c9-fa65be3e59c3" name="getproductsbyname"/>
			</when>
			<otherwise >
				<logger level="INFO" doc:name="Logger" doc:id="30640d3f-43e6-4e7d-9486-74e9369ed29a" message="#['Invalid Request!!!']"/>
			</otherwise>
		</choice>
	</flow>
	<flow name="getproductsbyname" doc:id="dfc7854f-3432-4569-908e-cf493b4c2c91" >
		<http:request method="GET" doc:name="Request" doc:id="b8e3ac92-9a1a-44b1-b065-74d175fa20af" config-ref="HTTP_Request_configuration" path="/products/{pname}">
			<http:uri-params ><![CDATA[#[output application/java
---
{
	pname : vars.pname
}]]]></http:uri-params>
		</http:request>
	</flow>
	<flow name="getallproducts" doc:id="8f11fae8-9fce-4ebe-a68a-bdccd3a80267" >
		<http:request method="GET" doc:name="Request" doc:id="1a235d39-5655-4a33-ac83-5a37d981827e" config-ref="HTTP_Request_configuration" path="/products"/>
	</flow>
</mule>
