<?xml version="1.0" encoding="UTF-8"?>

<mule xmlns:ee="http://www.mulesoft.org/schema/mule/ee/core" xmlns:http="http://www.mulesoft.org/schema/mule/http"
	xmlns:wsc="http://www.mulesoft.org/schema/mule/wsc"
	xmlns="http://www.mulesoft.org/schema/mule/core" xmlns:doc="http://www.mulesoft.org/schema/mule/documentation" xmlns:xsi="http://www.w3.org/2001/XMLSchema-instance" xsi:schemaLocation="http://www.mulesoft.org/schema/mule/core http://www.mulesoft.org/schema/mule/core/current/mule.xsd
http://www.mulesoft.org/schema/mule/wsc http://www.mulesoft.org/schema/mule/wsc/current/mule-wsc.xsd
http://www.mulesoft.org/schema/mule/http http://www.mulesoft.org/schema/mule/http/current/mule-http.xsd
http://www.mulesoft.org/schema/mule/ee/core http://www.mulesoft.org/schema/mule/ee/core/current/mule-ee.xsd">
	<wsc:config name="Web_Service_Consumer_Config" doc:name="Web Service Consumer Config" doc:id="6689e9ef-ff71-484f-880c-f233b512a22e" >
		<wsc:connection wsdlLocation="products.wsdl" service="ProductServicePortService" port="ProductServicePortSoap11" address="http://localhost:6060/soap/ws" />
	</wsc:config>
	<http:listener-config name="HTTP_Listener_config" doc:name="HTTP Listener config" doc:id="20044282-bde5-41ac-841f-e0bc751eb704" >
		<http:listener-connection host="0.0.0.0" port="8081" />
	</http:listener-config>
	<flow name="mainflow" doc:id="a711fc0a-5e34-4d3c-a2b1-22c077a4519e" >
		<http:listener doc:name="Listener" doc:id="5d93c8b4-f5b3-4728-bcbe-861ee1f7209e" config-ref="HTTP_Listener_config" path="/products"/>
		<choice doc:name="Choice" doc:id="0e33595d-52ed-48e8-848e-43c2e0eddb90" >
			<when expression="#[attributes.queryParams.productname == null]">
				<flow-ref doc:name="getallproducts" doc:id="b8b49281-998d-4095-8e2f-5510c7430f1e" name="getallproducts"/>
			</when>
			<when expression="#[attributes.queryParams.productname != null]">
				<set-variable value="#[attributes.queryParams.productname]" doc:name="Set Variable" doc:id="20c5b7ce-43aa-46e4-a087-6880b823c811" variableName="productname"/>
				<flow-ref doc:name="getproductsbyname" doc:id="34c95713-5eaf-49e5-80d6-62544a1abbd6" name="getproductsbyname"/>
			</when>
			<otherwise >
				<logger level="INFO" doc:name="Logger" doc:id="0b795185-1fb4-4dc0-ad2c-d8ea8f36e444" message="Invalid Request!!"/>
			</otherwise>
		</choice>
	</flow>
	<flow name="getallproducts" doc:id="19130427-8aeb-462b-950e-6129692790f5" >
		<parse-template doc:name="Parse Template" doc:id="dd628482-5f4e-478e-b3a6-4e3653d2549e" location="D:\mule4-nov2019\mule4ws-nov2019\02-consuming-soap-solution\src\main\resources\getallproducts.xml"/>
		<wsc:consume doc:name="Consume" doc:id="cefcfe54-1c69-4ea9-958a-02774be79cbf" config-ref="Web_Service_Consumer_Config" operation="getAllProducts"/>
		<ee:transform doc:name="Transform Message" doc:id="5367c48d-d57b-417a-94e6-13b7d1d6baf7" >
			<ee:message >
				<ee:set-payload ><![CDATA[%dw 2.0
output application/json
---
payload.body.getAllProductsResponse]]></ee:set-payload>
			</ee:message>
		</ee:transform>
	</flow>
	<flow name="getproductsbyname" doc:id="fdd75f8f-54e0-481c-87c1-57920fa9ead4" >
		<ee:transform doc:name="Transform Message" doc:id="e24393a2-f652-41af-adde-fb4dda6696d6" >
			<ee:message >
				<ee:set-payload ><![CDATA[%dw 2.0
output application/xml
ns ns0 http//way2learnonline.com/domain
---
{
	ns0#getProductsByNameRequest: {
		name: vars.productname as String
	}
}]]></ee:set-payload>
			</ee:message>
		</ee:transform>
		<wsc:consume doc:name="Consume" doc:id="faeaf133-c33c-47f7-9899-5edb62468d9f" config-ref="Web_Service_Consumer_Config" operation="getProductsByName"/>
		<ee:transform doc:name="Transform Message" doc:id="3b787fa8-128b-4ddf-86cf-21aecdb93ea1" >
			<ee:message >
				<ee:set-payload ><![CDATA[%dw 2.0
output application/json
---
payload.body.getProductsByNameResponse]]></ee:set-payload>
			</ee:message>
		</ee:transform>
	</flow>
</mule>
