<?xml version="1.0" encoding="UTF-8"?>
<domain:mule-domain
        xmlns:db="http://www.mulesoft.org/schema/mule/db"
        xmlns:secure-properties="http://www.mulesoft.org/schema/mule/secure-properties"
        xmlns:http="http://www.mulesoft.org/schema/mule/http"
        xmlns="http://www.mulesoft.org/schema/mule/core"
        xmlns:domain="http://www.mulesoft.org/schema/mule/ee/domain" xmlns:xsi="http://www.w3.org/2001/XMLSchema-instance" xmlns:doc="http://www.mulesoft.org/schema/mule/documentation" xsi:schemaLocation="
               http://www.mulesoft.org/schema/mule/core http://www.mulesoft.org/schema/mule/core/current/mule.xsd
               http://www.mulesoft.org/schema/mule/ee/domain http://www.mulesoft.org/schema/mule/ee/domain/current/mule-domain-ee.xsd
http://www.mulesoft.org/schema/mule/http http://www.mulesoft.org/schema/mule/http/current/mule-http.xsd
http://www.mulesoft.org/schema/mule/secure-properties http://www.mulesoft.org/schema/mule/secure-properties/current/mule-secure-properties.xsd
http://www.mulesoft.org/schema/mule/db http://www.mulesoft.org/schema/mule/db/current/mule-db.xsd">
	<http:listener-config name="HTTP_Listener_config" doc:name="HTTP Listener config" doc:id="a37d6977-ce78-4c2d-8e5e-0444ccaad741" >
		<http:listener-connection host="0.0.0.0" port="8081" />
	</http:listener-config>
	<secure-properties:config name="Secure_Properties_Config" doc:name="Secure Properties Config" doc:id="4721662e-1bb6-4afd-99af-603d60e9e19c" file="db-secure-dev.yaml" key="abcdefghijklmnop" >
		<secure-properties:encrypt algorithm="Blowfish" />
	</secure-properties:config>
	<configuration-properties doc:name="Configuration properties" doc:id="0d4af42f-1783-4c9d-9a5d-0b1ff685707f" file="db-dev.yaml" />
	<db:config name="Database_Config" doc:name="Database Config" doc:id="c67e2ad2-7ea5-4f0c-8ad9-42029e7e0acc" >
		<db:my-sql-connection host="${secure::db.host}" port="3306" user="${secure::db.username}" password="${secure::db.password}" database="muletrainingdb" />
	</db:config>


    <!-- configure here resource to be shared within the domain -->

</domain:mule-domain>