<?xml version="1.0" encoding="UTF-8"?>

<mule xmlns:ee="http://www.mulesoft.org/schema/mule/ee/core" xmlns:file="http://www.mulesoft.org/schema/mule/file"
	xmlns="http://www.mulesoft.org/schema/mule/core"
	xmlns:doc="http://www.mulesoft.org/schema/mule/documentation" xmlns:xsi="http://www.w3.org/2001/XMLSchema-instance" xsi:schemaLocation="http://www.mulesoft.org/schema/mule/core http://www.mulesoft.org/schema/mule/core/current/mule.xsd
http://www.mulesoft.org/schema/mule/file http://www.mulesoft.org/schema/mule/file/current/mule-file.xsd
http://www.mulesoft.org/schema/mule/ee/core http://www.mulesoft.org/schema/mule/ee/core/current/mule-ee.xsd">
	<file:config name="File_Config" doc:name="File Config" doc:id="7fa72e75-45f9-42c9-b9ee-b1e7629b65ca" >
		<file:connection workingDir="c:\files" />
	</file:config>
	<flow name="usingfilemoduleFlow" doc:id="e7e92c20-0042-4946-b9fd-9779017b50f5" >
		<file:listener doc:name="On New or Updated File" doc:id="1705cac7-d6be-4276-9c39-9e42ff030949" config-ref="File_Config" directory="input" moveToDirectory="output" renameTo="#[attributes.fileName ++'.backup']">
			<scheduling-strategy >
				<fixed-frequency />
			</scheduling-strategy>
		</file:listener>
		<ee:transform doc:name="Transform Message" doc:id="15f5ba37-9e3b-4ea4-80f6-3eaa1eaac380" >
			<ee:message >
				<ee:set-payload ><![CDATA[%dw 2.0
output application/java
---
payload]]></ee:set-payload>
			</ee:message>
		</ee:transform>
		<foreach doc:name="For Each" doc:id="364876fc-4427-4e1b-af91-e7ee7082c570" >
			<logger level="INFO" doc:name="Logger" doc:id="cc0a260d-4dc0-4e3a-ab0b-a7282531ceb5" message="#[payload]" />
		</foreach>
	</flow>
</mule>
