<?xml version="1.0" encoding="UTF-8"?>

<mule xmlns:file="http://www.mulesoft.org/schema/mule/file" xmlns:ee="http://www.mulesoft.org/schema/mule/ee/core"
	xmlns:http="http://www.mulesoft.org/schema/mule/http"
	xmlns="http://www.mulesoft.org/schema/mule/core" xmlns:doc="http://www.mulesoft.org/schema/mule/documentation" xmlns:xsi="http://www.w3.org/2001/XMLSchema-instance" xsi:schemaLocation="http://www.mulesoft.org/schema/mule/core http://www.mulesoft.org/schema/mule/core/current/mule.xsd
http://www.mulesoft.org/schema/mule/http http://www.mulesoft.org/schema/mule/http/current/mule-http.xsd
http://www.mulesoft.org/schema/mule/ee/core http://www.mulesoft.org/schema/mule/ee/core/current/mule-ee.xsd
http://www.mulesoft.org/schema/mule/file http://www.mulesoft.org/schema/mule/file/current/mule-file.xsd">
	<http:listener-config name="HTTP_Listener_config" doc:name="HTTP Listener config" doc:id="e22c48f0-cad5-41be-b80a-6e80ee02d4d2" >
		<http:listener-connection host="0.0.0.0" port="8081" />
	</http:listener-config>
	<flow name="writingtofileFlow" doc:id="3184452d-7f74-4f06-af43-9829ecb4570f" >
		<http:listener doc:name="Listener" doc:id="680c8b4e-22bb-4b42-8e5a-282c33a74694" config-ref="HTTP_Listener_config" path="/write"/>
		<ee:transform doc:name="Transform Message" doc:id="ee29c795-e5cb-49f6-b7ea-9c9943094871" >
			<ee:message >
				<ee:set-payload ><![CDATA[%dw 2.0
output application/csv headerLineNumber = 0 , header = false
---
[{
	product_id: attributes.queryParams.pid as String,
	product_name: attributes.queryParams.pname as String,
	price: attributes.queryParams.price as String
}]]]></ee:set-payload>
			</ee:message>
		</ee:transform>
		<file:write doc:name="Write" doc:id="aa4e155e-a992-4326-acc2-3315bdfd10c8" config-ref="File_Config" path="write/products.csv" mode="APPEND"/>
	</flow>
</mule>
