<?xml version="1.0" encoding="UTF-8"?> 

<mule xmlns:secure-properties="http://www.mulesoft.org/schema/mule/secure-properties" xmlns:ee="http://www.mulesoft.org/schema/mule/ee/core"
	xmlns:db="http://www.mulesoft.org/schema/mule/db"
	xmlns:http="http://www.mulesoft.org/schema/mule/http" xmlns="http://www.mulesoft.org/schema/mule/core" xmlns:doc="http://www.mulesoft.org/schema/mule/documentation" xmlns:xsi="http://www.w3.org/2001/XMLSchema-instance" xsi:schemaLocation="http://www.mulesoft.org/schema/mule/core http://www.mulesoft.org/schema/mule/core/current/mule.xsd
http://www.mulesoft.org/schema/mule/http http://www.mulesoft.org/schema/mule/http/current/mule-http.xsd
http://www.mulesoft.org/schema/mule/db http://www.mulesoft.org/schema/mule/db/current/mule-db.xsd
http://www.mulesoft.org/schema/mule/ee/core http://www.mulesoft.org/schema/mule/ee/core/current/mule-ee.xsd
http://www.mulesoft.org/schema/mule/secure-properties http://www.mulesoft.org/schema/mule/secure-properties/current/mule-secure-properties.xsd">
	 
	<flow name="databaseendpointFlow" doc:id="2c4a273c-757f-4567-8274-2ffdc37b9257" >
		<http:listener doc:name="Listener" doc:id="7f0d0659-b77a-4636-874e-db94bc5dcf73" path="/db" config-ref="HTTP_Listener_config"/>
		<db:select doc:name="Select" doc:id="4ae2a1e2-7db2-4e37-88c0-9a79ed481382" config-ref="Database_Config">
			<db:sql >select * from product where brand_name=:brandname</db:sql>
			<db:input-parameters ><![CDATA[#[%dw 2.0
output application/java
---
{
	brandname: attributes.queryParams.brandname as String
}]]]></db:input-parameters>
		</db:select>
		<ee:transform doc:name="Transform Message" doc:id="135788e3-1796-4467-871d-a10ac5d466c3" >
			<ee:message >
				<ee:set-payload ><![CDATA[%dw 2.0
output application/json
---
payload]]></ee:set-payload>
			</ee:message>
		</ee:transform>
	</flow>
</mule>
