<?xml version="1.0" encoding="UTF-8"?>

<mule xmlns:ee="http://www.mulesoft.org/schema/mule/ee/core" xmlns:file="http://www.mulesoft.org/schema/mule/file"
	xmlns:db="http://www.mulesoft.org/schema/mule/db"
	xmlns="http://www.mulesoft.org/schema/mule/core" xmlns:doc="http://www.mulesoft.org/schema/mule/documentation" xmlns:xsi="http://www.w3.org/2001/XMLSchema-instance" xsi:schemaLocation="http://www.mulesoft.org/schema/mule/core http://www.mulesoft.org/schema/mule/core/current/mule.xsd
http://www.mulesoft.org/schema/mule/db http://www.mulesoft.org/schema/mule/db/current/mule-db.xsd
http://www.mulesoft.org/schema/mule/file http://www.mulesoft.org/schema/mule/file/current/mule-file.xsd
http://www.mulesoft.org/schema/mule/ee/core http://www.mulesoft.org/schema/mule/ee/core/current/mule-ee.xsd">
	<db:config name="Database_Config" doc:name="Database Config" doc:id="cfb00ebc-4530-456f-9cc5-2cd22911a9a6" >
		<db:my-sql-connection host="localhost" port="3306" user="root" password="root" database="muletrainingdb" />
	</db:config>
	<file:config name="File_Config" doc:name="File Config" doc:id="b6565a12-c156-47d7-b234-1824b64c18e7" >
		<file:connection workingDir="c:\files" />
	</file:config>
	<flow name="watermarkingFlow" doc:id="ed3a36be-ead4-4ee7-b43f-2f80bf089762" >
		<db:listener table="product" doc:name="On Table Row" doc:id="8b5f4246-4bb2-4633-bf30-7a626dd6421d" config-ref="Database_Config" watermarkColumn="product_id" idColumn="product_id">
			<scheduling-strategy >
				<fixed-frequency frequency="5000" />
			</scheduling-strategy>
		</db:listener>
		<ee:transform doc:name="Transform Message" doc:id="134a64a5-fd7c-49d8-9b1f-9291f423a5f4" >
			<ee:message >
				<ee:set-payload ><![CDATA[%dw 2.0
output application/csv header=false
---
[payload]]]></ee:set-payload>
			</ee:message>
		</ee:transform>
		<logger level="INFO" doc:name="Logger" doc:id="f812c59d-81b8-4d11-912b-02c4090200ee" message="#[payload]"/>
		<file:write doc:name="Write" doc:id="371eb37f-dc37-4b1e-9075-f5ca5a9fb098" config-ref="File_Config" path="output\products.csv" mode="APPEND"/>
	</flow>
</mule>
